Probability,Number of occurences,Sequences
0.18686234800654852,934,['5']
0.18070544268230138,903,['1']
0.14495146771089978,724,['2']
0.13839477445676576,691,['4']
0.13517815826092586,675,['7']
0.12136868361788902,606,['6']
0.0925391252646697,462,['3']
