Probability,Number of occurences,Sequences
0.17993900649584313,899,['5']
0.16018335798285432,800,['1']
0.15320725503621513,766,['2']
0.14060918737185812,703,['4']
0.13617396427117817,680,['7']
0.12948073430781523,647,['6']
0.10040649453423586,502,['3']
